category,word,aliases,level
สัตว์,แมว,,1
สัตว์,หมา,สุนัข,1
สัตว์,ช้าง,,1
สัตว์,ม้า,,2
สัตว์,วัว,,2
สัตว์,ควาย,,2
สัตว์,หมู,,1
สัตว์,ไก่,,1
สัตว์,เป็ด,,1
สัตว์,ห่าน,,3
สัตว์,นก,,1
สัตว์,ปลา,,1
สัตว์,กบ,,1
สัตว์,งู,,1
สัตว์,เต่า,,1
สัตว์,กระต่าย,,1
สัตว์,ลิง,,2
สัตว์,เสือ,,2
สัตว์,สิงโต,,2
สัตว์,หมี,,2
สัตว์,ยีราฟ,,1
สัตว์,ม้าลาย,,2
สัตว์,จระเข้,,2
สัตว์,ปลาวาฬ,วาฬ,1
สัตว์,ปลาฉลาม,ฉลาม,2
สัตว์,ปลาหมึก,หมึก,2
สัตว์,ปู,,1
สัตว์,กุ้ง,,2
สัตว์,หอยทาก,,1
สัตว์,ผีเสื้อ,,1
สัตว์,ผึ้ง,,2
สัตว์,มด,,1
สัตว์,แมงมุม,,1
สัตว์,ยุง,,2
สัตว์,แมลงปอ,,3
สัตว์,เพนกวิน,เพนกวิ้น,2
สัตว์,นกฮูก,,2
สัตว์,นกแก้ว,,2
สัตว์,นกยูง,,2
สัตว์,อูฐ,,2
สัตว์,จิงโจ้,,2
สัตว์,แพนด้า,,2
สัตว์,หนู,,1
สัตว์,กระรอก,,2
สัตว์,ค้างคาว,,2
สัตว์,ไดโนเสาร์,,2
สัตว์,แกะ,,2
สัตว์,แพะ,,3
สัตว์,กวาง,,2
สัตว์,ฮิปโป,ฮิปโปโปเตมัส,2
สัตว์,แรด,,2
สัตว์,หมาป่า,,3
สัตว์,ปลาดาว,,1
สัตว์,แมงกะพรุน,,2
สัตว์,ม้าน้ำ,,2
สัตว์,ตุ๊กแก,,3
สัตว์,ไส้เดือน,,1
สัตว์,โลมา,ปลาโลมา,2
สัตว์,นกกระจอกเทศ,,3
สัตว์,หงส์,,2
สัตว์,นกอินทรี,,3
สัตว์,ปลาทอง,,2
อาหาร,ข้าวผัด,,3
อาหาร,ไข่ดาว,,1
อาหาร,ไข่ต้ม,,1
อาหาร,ส้มตำ,,3
อาหาร,ต้มยำ,,3
อาหาร,ผัดไทย,,3
อาหาร,ก๋วยเตี๋ยว,,2
อาหาร,บะหมี่,,2
อาหาร,ขนมปัง,,2
อาหาร,แซนด์วิช,แซนวิช,2
อาหาร,แฮมเบอร์เกอร์,เบอร์เกอร์|แฮมเบอเกอร์,1
อาหาร,พิซซ่า,พิซซา,1
อาหาร,ฮอตดอก,,1
อาหาร,เฟรนช์ฟรายส์,เฟรนช์ฟราย|เฟรนช์ฟรายด์|เฟรนฟราย,2
อาหาร,ไก่ทอด,,2
อาหาร,ไส้กรอก,,2
อาหาร,ลูกชิ้น,,2
อาหาร,หมูปิ้ง,,2
อาหาร,ไก่ย่าง,,2
อาหาร,ข้าวเหนียว,,2
อาหาร,ข้าวมันไก่,,3
อาหาร,ซูชิ,,2
อาหาร,เค้ก,,1
อาหาร,คุกกี้,,2
อาหาร,โดนัท,,1
อาหาร,ไอศกรีม,ไอติม|ไอศครีม,1
อาหาร,ช็อกโกแลต,ช็อคโกแลต|ชอคโกแลต,2
อาหาร,ลูกอม,,1
อาหาร,ป๊อปคอร์น,ข้าวโพดคั่ว,2
อาหาร,นม,,2
อาหาร,กาแฟ,,2
อาหาร,ชานม,ชานมไข่มุก,3
อาหาร,น้ำส้ม,,3
อาหาร,กล้วย,,1
อาหาร,แอปเปิล,แอปเปิ้ล|แอ๊ปเปิ้ล,1
อาหาร,ส้ม,,1
อาหาร,แตงโม,,1
อาหาร,มะม่วง,,2
อาหาร,สับปะรด,สัปปะรด,2
อาหาร,องุ่น,,1
อาหาร,สตรอว์เบอร์รี,สตรอเบอรี่|สตอเบอรี่|สตรอเบอร์รี่,1
อาหาร,มะพร้าว,,1
อาหาร,ทุเรียน,,2
อาหาร,มังคุด,,3
อาหาร,เงาะ,,3
อาหาร,ข้าวโพด,,1
อาหาร,แครอท,แครอต,1
อาหาร,มะเขือเทศ,,2
อาหาร,ฟักทอง,,2
อาหาร,แตงกวา,,2
อาหาร,พริก,,1
อาหาร,เห็ด,,1
อาหาร,ซาลาเปา,,3
อาหาร,ขนมครก,,3
อาหาร,น้ำแข็งไส,,3
อาหาร,ชีส,,3
อาหาร,สลัด,,3
อาหาร,ไข่เจียว,,3
อาหาร,ข้าวต้ม,,3
สิ่งของ,โต๊ะ,,1
สิ่งของ,เก้าอี้,,1
สิ่งของ,เตียง,,1
สิ่งของ,หมอน,,1
สิ่งของ,ผ้าห่ม,,3
สิ่งของ,โซฟา,,2
สิ่งของ,ตู้เย็น,,2
สิ่งของ,โทรทัศน์,ทีวี,2
สิ่งของ,พัดลม,,2
สิ่งของ,โทรศัพท์,มือถือ|โทรศัพท์มือถือ,2
สิ่งของ,คอมพิวเตอร์,คอม,2
สิ่งของ,กล้องถ่ายรูป,กล้อง,2
สิ่งของ,นาฬิกา,,1
สิ่งของ,แว่นตา,แว่น,1
สิ่งของ,หมวก,,1
สิ่งของ,รองเท้า,,1
สิ่งของ,ถุงเท้า,,2
สิ่งของ,เสื้อ,,1
สิ่งของ,กางเกง,,1
สิ่งของ,กระโปรง,,2
สิ่งของ,กระเป๋า,,2
สิ่งของ,ร่ม,,1
สิ่งของ,กุญแจ,ลูกกุญแจ,1
สิ่งของ,ประตู,,1
สิ่งของ,หน้าต่าง,,1
สิ่งของ,หลอดไฟ,,1
สิ่งของ,เทียน,,1
สิ่งของ,กรรไกร,,1
สิ่งของ,ดินสอ,,1
สิ่งของ,ยางลบ,,3
สิ่งของ,ไม้บรรทัด,,2
สิ่งของ,หนังสือ,,1
สิ่งของ,ซองจดหมาย,จดหมาย,1
สิ่งของ,แก้วน้ำ,แก้ว,1
สิ่งของ,จาน,,1
สิ่งของ,ช้อน,,1
สิ่งของ,ส้อม,,1
สิ่งของ,ตะเกียบ,,1
สิ่งของ,มีด,,1
สิ่งของ,หม้อ,,2
สิ่งของ,กระทะ,,2
สิ่งของ,กาต้มน้ำ,,3
สิ่งของ,ไม้กวาด,,2
สิ่งของ,ถังขยะ,,2
สิ่งของ,แปรงสีฟัน,,2
สิ่งของ,หวี,,2
สิ่งของ,กระจก,,3
สิ่งของ,สบู่,,3
สิ่งของ,ลูกโป่ง,,1
สิ่งของ,ตุ๊กตา,,2
สิ่งของ,ลูกบอล,บอล,1
สิ่งของ,ว่าว,,1
สิ่งของ,กีตาร์,,1
สิ่งของ,กลอง,,2
สิ่งของ,ไมโครโฟน,ไมค์,2
สิ่งของ,หูฟัง,,2
สิ่งของ,ค้อน,,1
สิ่งของ,บันได,,1
สิ่งของ,ของขวัญ,,1
สิ่งของ,มงกุฎ,มงกุฏ,1
สิ่งของ,แหวน,,1
สิ่งของ,กระดิ่ง,,3
สิ่งของ,ไฟฉาย,,2
สิ่งของ,แผนที่,,3
สิ่งของ,ธง,,1
สิ่งของ,เต็นท์,เต๊นท์,2
สิ่งของ,ปากกา,,1
สิ่งของ,พวงมาลัย,,3
สถานที่,บ้าน,,1
สถานที่,โรงเรียน,,2
สถานที่,โรงพยาบาล,,2
สถานที่,วัด,,2
สถานที่,ตลาด,,2
สถานที่,ห้างสรรพสินค้า,ห้าง,3
สถานที่,ร้านกาแฟ,,3
สถานที่,สวนสาธารณะ,,2
สถานที่,สวนสัตว์,,2
สถานที่,ชายหาด,หาด|ทะเล,2
สถานที่,ภูเขา,,1
สถานที่,น้ำตก,,2
สถานที่,ถ้ำ,,2
สถานที่,เกาะ,,1
สถานที่,ทะเลทราย,,2
สถานที่,ป่า,,2
สถานที่,ฟาร์ม,,2
สถานที่,สนามบิน,,2
สถานที่,สถานีรถไฟ,,2
สถานที่,ท่าเรือ,,2
สถานที่,ปั๊มน้ำมัน,,3
สถานที่,สะพาน,,2
สถานที่,สนามฟุตบอล,,2
สถานที่,สระว่ายน้ำ,,2
สถานที่,ห้องสมุด,,3
สถานที่,พิพิธภัณฑ์,,3
สถานที่,โรงหนัง,,3
สถานที่,ร้านอาหาร,,3
สถานที่,ร้านตัดผม,,3
สถานที่,ธนาคาร,,3
สถานที่,ไปรษณีย์,,3
สถานที่,สถานีตำรวจ,,3
สถานที่,ปราสาท,,1
สถานที่,พีระมิด,,1
สถานที่,ประภาคาร,,2
สถานที่,สวนน้ำ,,2
สถานที่,สวนสนุก,,2
สถานที่,ห้องน้ำ,,2
สถานที่,ห้องครัว,ครัว,2
สถานที่,ห้องนอน,,2
สถานที่,ทุ่งนา,,2
สถานที่,ร้านสะดวกซื้อ,,3
สถานที่,โรงแรม,,3
สถานที่,ป้ายรถเมล์,,2
สถานที่,สนามเด็กเล่น,,2
สถานที่,ห้องเรียน,,3
สถานที่,ลานจอดรถ,,3
สถานที่,ฟิตเนส,ยิม,3
สถานที่,ตึกสูง,ตึก,2
สถานที่,อวกาศ,,2
อาชีพ,หมอ,แพทย์,2
อาชีพ,พยาบาล,,2
อาชีพ,ครู,,2
อาชีพ,ตำรวจ,,2
อาชีพ,ทหาร,,2
อาชีพ,นักดับเพลิง,,2
อาชีพ,เชฟ,พ่อครัว|แม่ครัว,2
อาชีพ,ชาวนา,,2
อาชีพ,ชาวประมง,,2
อาชีพ,นักบิน,,2
อาชีพ,แอร์โฮสเตส,,3
อาชีพ,คนขับแท็กซี่,,3
อาชีพ,ช่างตัดผม,,2
อาชีพ,ช่างไม้,,3
อาชีพ,ช่างไฟ,,3
อาชีพ,ช่างซ่อมรถ,,3
อาชีพ,ช่างภาพ,,2
อาชีพ,จิตรกร,,2
อาชีพ,นักร้อง,,2
อาชีพ,นักเต้น,,2
อาชีพ,นักแสดง,,3
อาชีพ,นักดนตรี,,3
อาชีพ,นักฟุตบอล,,2
อาชีพ,นักมวย,,2
อาชีพ,นักว่ายน้ำ,,2
อาชีพ,นักบินอวกาศ,,2
อาชีพ,นักวิทยาศาสตร์,,3
อาชีพ,หมอฟัน,ทันตแพทย์,2
อาชีพ,สัตวแพทย์,หมอสัตว์|หมอรักษาสัตว์,3
อาชีพ,บุรุษไปรษณีย์,,3
อาชีพ,ไรเดอร์,คนส่งอาหาร,3
อาชีพ,แม่ค้า,พ่อค้า,3
อาชีพ,คนสวน,,3
อาชีพ,ยาม,,3
อาชีพ,นักข่าว,,3
อาชีพ,นักเขียน,,3
อาชีพ,โปรแกรมเมอร์,,3
อาชีพ,วิศวกร,,3
อาชีพ,สถาปนิก,,3
อาชีพ,ผู้พิพากษา,,3
อาชีพ,นักสืบ,,3
อาชีพ,ตัวตลก,,2
อาชีพ,นักมายากล,,2
อาชีพ,ไกด์,มัคคุเทศก์,3
อาชีพ,ช่างเย็บผ้า,,3
อาชีพ,ไลฟ์การ์ด,,3
อาชีพ,แคชเชียร์,,3
อาชีพ,ดีเจ,,3
อาชีพ,ชาวสวน,,3
อาชีพ,กัปตันเรือ,กัปตัน,2
อาชีพ,คนขับรถเมล์,,3
กิจกรรม,วิ่ง,,1
กิจกรรม,ว่ายน้ำ,,1
กิจกรรม,ปั่นจักรยาน,,2
กิจกรรม,เต้น,,2
กิจกรรม,ร้องเพลง,,2
กิจกรรม,นอนหลับ,นอน,2
กิจกรรม,ทำอาหาร,,2
กิจกรรม,อ่านหนังสือ,,3
กิจกรรม,วาดรูป,,2
กิจกรรม,ถ่ายรูป,,2
กิจกรรม,ตกปลา,,1
กิจกรรม,ปลูกต้นไม้,,3
กิจกรรม,รดน้ำต้นไม้,,2
กิจกรรม,ซักผ้า,,3
กิจกรรม,ตากผ้า,,3
กิจกรรม,รีดผ้า,,3
กิจกรรม,ล้างจาน,,3
กิจกรรม,กวาดบ้าน,,3
กิจกรรม,ถูพื้น,,3
กิจกรรม,อาบน้ำ,,2
กิจกรรม,แปรงฟัน,,2
กิจกรรม,หวีผม,,2
กิจกรรม,ช้อปปิ้ง,ช็อปปิ้ง,3
กิจกรรม,ดูหนัง,,3
กิจกรรม,เล่นเกม,,3
กิจกรรม,เตะฟุตบอล,เล่นฟุตบอล,2
กิจกรรม,ตีแบดมินตัน,แบดมินตัน,2
กิจกรรม,เล่นบาสเกตบอล,บาสเกตบอล|บาส,2
กิจกรรม,ชกมวย,,2
กิจกรรม,เล่นโยคะ,โยคะ,2
กิจกรรม,กระโดดเชือก,,2
กิจกรรม,เล่นสเก็ตบอร์ด,สเก็ตบอร์ด,2
กิจกรรม,โต้คลื่น,เล่นเซิร์ฟ,2
กิจกรรม,ปีนเขา,,2
กิจกรรม,ตั้งแคมป์,,2
กิจกรรม,ปิกนิก,,3
กิจกรรม,ดำน้ำ,,2
กิจกรรม,พายเรือ,,2
กิจกรรม,เล่นว่าว,,2
กิจกรรม,เป่าเทียน,,1
กิจกรรม,ห่อของขวัญ,,3
กิจกรรม,พาหมาเดินเล่น,จูงหมา,3
กิจกรรม,ขี่ม้า,,2
กิจกรรม,ขับรถ,,2
กิจกรรม,ยกน้ำหนัก,,2
กิจกรรม,ตบมือ,,2
กิจกรรม,หาว,,3
กิจกรรม,จาม,,3
กิจกรรม,ร้องไห้,,1
กิจกรรม,หัวเราะ,,3
กิจกรรม,กอด,,3
กิจกรรม,ไหว้,,3
กิจกรรม,เล่นกีตาร์,,2
กิจกรรม,ตีกลอง,,2
กิจกรรม,เล่นซ่อนหา,ซ่อนหา,3
กิจกรรม,เล่นน้ำสงกรานต์,สงกรานต์,2
กิจกรรม,ลอยกระทง,,2
กิจกรรม,ปั้นตุ๊กตาหิมะ,ตุ๊กตาหิมะ,2
กิจกรรม,เล่นชิงช้า,ชิงช้า,2
กิจกรรม,เป่าฟองสบู่,,2
ธรรมชาติ,ดวงอาทิตย์,พระอาทิตย์,1
ธรรมชาติ,ดวงจันทร์,พระจันทร์,1
ธรรมชาติ,ดาว,ดวงดาว,1
ธรรมชาติ,เมฆ,,1
ธรรมชาติ,ฝน,ฝนตก,1
ธรรมชาติ,หิมะ,,1
ธรรมชาติ,ฟ้าผ่า,สายฟ้า,1
ธรรมชาติ,รุ้ง,สายรุ้ง|รุ้งกินน้ำ,1
ธรรมชาติ,ภูเขาไฟ,,1
ธรรมชาติ,แม่น้ำ,,2
ธรรมชาติ,ทะเลสาบ,,3
ธรรมชาติ,คลื่น,,2
ธรรมชาติ,ต้นไม้,,1
ธรรมชาติ,ดอกไม้,,1
ธรรมชาติ,ดอกกุหลาบ,กุหลาบ,2
ธรรมชาติ,ดอกทานตะวัน,ทานตะวัน,1
ธรรมชาติ,ดอกบัว,บัว,2
ธรรมชาติ,ใบไม้,,1
ธรรมชาติ,หญ้า,,2
ธรรมชาติ,ต้นมะพร้าว,,1
ธรรมชาติ,กระบองเพชร,,1
ธรรมชาติ,ก้อนหิน,หิน,2
ธรรมชาติ,ทราย,,3
ธรรมชาติ,ไฟ,,1
ธรรมชาติ,น้ำแข็ง,,2
ธรรมชาติ,หยดน้ำ,,1
ธรรมชาติ,ดาวตก,,2
ธรรมชาติ,พระอาทิตย์ตก,,2
ธรรมชาติ,เกล็ดหิมะ,,1
ธรรมชาติ,ต้นสน,,2
ธรรมชาติ,ต้นกล้วย,,2
ธรรมชาติ,ต้นไผ่,ไผ่,2
ธรรมชาติ,เมล็ดพันธุ์,เมล็ด,3
ธรรมชาติ,หมอก,,3
ธรรมชาติ,ทุ่งหญ้า,,3
ธรรมชาติ,ดอกมะลิ,มะลิ,2
ธรรมชาติ,ดอกซากุระ,ซากุระ,2
ธรรมชาติ,รังนก,,2
ธรรมชาติ,เปลือกหอย,,2
ธรรมชาติ,ปะการัง,,3
ธรรมชาติ,สาหร่าย,,3
ธรรมชาติ,ดาวเคราะห์,,3
ธรรมชาติ,โลก,,2
ธรรมชาติ,ภูเขาน้ำแข็ง,,2
ธรรมชาติ,ต้นข้าว,,3
ธรรมชาติ,พายุ,,3
ธรรมชาติ,ขนนก,,2
ธรรมชาติ,ลูกสน,,3
ธรรมชาติ,ใยแมงมุม,,1
ธรรมชาติ,ทางช้างเผือก,,3
ยานพาหนะ,รถยนต์,รถเก๋ง,1
ยานพาหนะ,รถเมล์,รถบัส,2
ยานพาหนะ,รถไฟ,,1
ยานพาหนะ,รถไฟฟ้า,,3
ยานพาหนะ,เครื่องบิน,,1
ยานพาหนะ,เฮลิคอปเตอร์,ฮอ,2
ยานพาหนะ,เรือ,,1
ยานพาหนะ,เรือใบ,,1
ยานพาหนะ,เรือดำน้ำ,,2
ยานพาหนะ,จักรยาน,,1
ยานพาหนะ,มอเตอร์ไซค์,จักรยานยนต์|รถมอเตอร์ไซค์,2
ยานพาหนะ,ตุ๊กตุ๊ก,รถตุ๊กตุ๊ก,2
ยานพาหนะ,สามล้อ,,2
ยานพาหนะ,รถแท็กซี่,แท็กซี่,2
ยานพาหนะ,รถตู้,,3
ยานพาหนะ,รถกระบะ,กระบะ,3
ยานพาหนะ,รถบรรทุก,,2
ยานพาหนะ,รถดับเพลิง,,2
ยานพาหนะ,รถพยาบาล,,2
ยานพาหนะ,รถตำรวจ,,2
ยานพาหนะ,รถแทรกเตอร์,รถไถ,2
ยานพาหนะ,รถขุดดิน,แบคโฮ|รถแม็คโคร,2
ยานพาหนะ,รถเครน,,2
ยานพาหนะ,จรวด,,1
ยานพาหนะ,ยานอวกาศ,,2
ยานพาหนะ,บอลลูน,,1
ยานพาหนะ,เรือหางยาว,,2
ยานพาหนะ,เรือพาย,,2
ยานพาหนะ,เจ็ตสกี,,2
ยานพาหนะ,สกู๊ตเตอร์,,2
ยานพาหนะ,รถเข็นเด็ก,,2
ยานพาหนะ,เกวียน,,3
ยานพาหนะ,รถม้า,,2
ยานพาหนะ,รถแข่ง,,2
ยานพาหนะ,รถสองแถว,สองแถว,2
ยานพาหนะ,รถไอศกรีม,รถไอติม,3
ยานพาหนะ,รถขยะ,,2
ยานพาหนะ,กระเช้าลอยฟ้า,,2
ยานพาหนะ,เรือข้ามฟาก,,3
ยานพาหนะ,ร่มชูชีพ,,2
ยานพาหนะ,เรือยาง,,3
ยานพาหนะ,แพ,,2
ยานพาหนะ,รถโรงเรียน,,3
ยานพาหนะ,เรือประมง,,3
ยานพาหนะ,จานบิน,ยูเอฟโอ,1
ยานพาหนะ,เรือคายัค,คายัค,2
ยานพาหนะ,เรือสำราญ,,3
