category,word_a,word_b
อาหาร,ส้มตำ,ยำวุ้นเส้น
อาหาร,ต้มยำ,ต้มข่า
อาหาร,ผัดไทย,ผัดซีอิ๊ว
อาหาร,ข้าวมันไก่,ข้าวหมูแดง
อาหาร,ก๋วยเตี๋ยว,บะหมี่
อาหาร,ชาบู,สุกี้
อาหาร,หมูกระทะ,ปิ้งย่างเกาหลี
อาหาร,พิซซ่า,เบอร์เกอร์
อาหาร,ซูชิ,ซาชิมิ
อาหาร,ไก่ทอด,หมูทอด
อาหาร,ผัดกะเพรา,ผัดพริกแกง
อาหาร,แกงเขียวหวาน,แกงเผ็ด
อาหาร,ไข่เจียว,ไข่ดาว
อาหาร,โจ๊ก,ข้าวต้ม
อาหาร,ลาบ,น้ำตกหมู
อาหาร,ไส้กรอก,ลูกชิ้น
อาหาร,ขนมจีน,เส้นหมี่
อาหาร,สปาเกตตี,ราเมง
อาหาร,แซนด์วิช,ฮอตดอก
อาหาร,หมูปิ้ง,ไก่ย่าง
อาหาร,กุ้ง,ปู
อาหาร,ปลาหมึก,หอยแมลงภู่
อาหาร,ขนมจีบ,ฮะเก๋า
อาหาร,ซาลาเปา,หมั่นโถว
อาหาร,น้ำพริก,น้ำจิ้มซีฟู้ด
อาหาร,ซอสมะเขือเทศ,ซอสพริก
อาหาร,เกลือ,น้ำตาล
อาหาร,ข้าวเหนียว,ข้าวสวย
อาหาร,มาม่า,ยำยำ
อาหาร,ข้าวผัด,ข้าวคลุกกะปิ
อาหาร,สเต๊ก,หมูทอดทงคัตสึ
อาหาร,ข้าวขาหมู,ข้าวมันไก่ทอด
อาหาร,ต้มจืด,แกงจืดวุ้นเส้น
อาหาร,ปาท่องโก๋,โรตี
อาหาร,เฟรนช์ฟรายส์,มันฝรั่งทอด
ขนม,ข้าวเหนียวมะม่วง,ทับทิมกรอบ
ขนม,ไอศกรีม,บิงซู
ขนม,เค้ก,โดนัท
ขนม,ช็อกโกแลต,คาราเมล
ขนม,ป๊อปคอร์น,ข้าวเกรียบ
ขนม,ขนมครก,ขนมเบื้อง
ขนม,บัวลอย,เต้าฮวย
ขนม,ทองหยิบ,ทองหยอด
ขนม,เฉาก๊วย,วุ้นมะพร้าว
ขนม,คุกกี้,แครกเกอร์
ขนม,ครัวซองต์,พายสับปะรด
ขนม,มาการง,ทาร์ตไข่
ขนม,หมากฝรั่ง,ลูกอม
เครื่องดื่ม,กาแฟ,ชา
เครื่องดื่ม,ชานมไข่มุก,ชาไทย
เครื่องดื่ม,โค้ก,เป๊ปซี่
เครื่องดื่ม,น้ำส้ม,น้ำมะพร้าว
เครื่องดื่ม,เบียร์,ไวน์
เครื่องดื่ม,นมสด,นมถั่วเหลือง
เครื่องดื่ม,โกโก้,ไมโล
เครื่องดื่ม,ชาเขียว,ชามะนาว
เครื่องดื่ม,ลาเต้,คาปูชิโน
เครื่องดื่ม,โซดา,น้ำเปล่า
เครื่องดื่ม,สมูทตี้,โยเกิร์ต
เครื่องดื่ม,เครื่องดื่มชูกำลัง,เกลือแร่
ผลไม้,ทุเรียน,ขนุน
ผลไม้,มะม่วง,มะละกอ
ผลไม้,ส้ม,มะนาว
ผลไม้,แตงโม,แคนตาลูป
ผลไม้,สตรอว์เบอร์รี,เชอร์รี
ผลไม้,มังคุด,เงาะ
ผลไม้,ลำไย,ลิ้นจี่
ผลไม้,แอปเปิล,สาลี่
ผลไม้,องุ่น,บลูเบอร์รี
ผลไม้,สับปะรด,ฝรั่ง
ผลไม้,ส้มโอ,เกรปฟรุต
ผลไม้,กล้วย,มะพร้าว
ผัก,แครอท,หัวไชเท้า
ผัก,กะหล่ำปลี,ผักกาดขาว
ผัก,พริก,พริกไทย
ผัก,กระเทียม,หอมแดง
ผัก,มะเขือเทศ,พริกหวาน
ผัก,แตงกวา,บวบ
ผัก,ข้าวโพด,ถั่วลันเตา
ผัก,เห็ด,หน่อไม้
สัตว์,หมา,แมว
สัตว์,สิงโต,เสือ
สัตว์,ช้าง,ฮิปโป
สัตว์,ม้า,ลา
สัตว์,ไก่,เป็ด
สัตว์,กบ,คางคก
สัตว์,จระเข้,ตะกวด
สัตว์,ยุง,แมลงวัน
สัตว์,ผีเสื้อ,แมลงปอ
สัตว์,ปลาฉลาม,ปลาวาฬ
สัตว์,เพนกวิน,แมวน้ำ
สัตว์,กระต่าย,หนูแฮมสเตอร์
สัตว์,ลิง,กอริลลา
สัตว์,หมี,แพนด้า
สัตว์,งู,ไส้เดือน
สัตว์,เต่า,หอยทาก
สัตว์,มด,ปลวก
สัตว์,ยีราฟ,ม้าลาย
สัตว์,นกแก้ว,นกขุนทอง
สัตว์,วัว,ควาย
สัตว์,แกะ,แพะ
สัตว์,ไดโนเสาร์,มังกร
สัตว์,หมาป่า,จิ้งจอก
สถานที่,โรงเรียน,มหาวิทยาลัย
สถานที่,โรงพยาบาล,คลินิก
สถานที่,ห้างสรรพสินค้า,ตลาดนัด
สถานที่,ทะเล,สระว่ายน้ำ
สถานที่,ภูเขา,น้ำตก
สถานที่,สนามบิน,สถานีรถไฟ
สถานที่,ร้านกาแฟ,ร้านชานม
สถานที่,โรงหนัง,คอนเสิร์ต
สถานที่,วัด,โบสถ์
สถานที่,ฟิตเนส,สวนสาธารณะ
สถานที่,เซเว่น,แฟมิลี่มาร์ท
สถานที่,ร้านคาราโอเกะ,ผับ
สถานที่,สวนสัตว์,อะควาเรียม
สถานที่,ห้องสมุด,ร้านหนังสือ
สถานที่,ห้องน้ำ,ห้องครัว
สถานที่,โรงแรม,รีสอร์ต
สถานที่,ร้านตัดผม,ร้านทำเล็บ
สถานที่,ธนาคาร,ตู้เอทีเอ็ม
สถานที่,สวนน้ำ,สวนสนุก
สถานที่,บ้าน,คอนโด
สถานที่,หอพัก,อพาร์ตเมนต์
อาชีพ,หมอ,พยาบาล
อาชีพ,ครู,ติวเตอร์
อาชีพ,ตำรวจ,ทหาร
อาชีพ,นักบิน,แอร์โฮสเตส
อาชีพ,เชฟ,บาริสต้า
อาชีพ,ยูทูบเบอร์,สตรีมเมอร์
อาชีพ,นักร้อง,แร็ปเปอร์
อาชีพ,ไรเดอร์ส่งอาหาร,วินมอเตอร์ไซค์
อาชีพ,ทนาย,ผู้พิพากษา
อาชีพ,หมอฟัน,หมอตา
อาชีพ,ช่างตัดผม,ช่างแต่งหน้า
อาชีพ,นักบินอวกาศ,นักวิทยาศาสตร์
อาชีพ,โปรแกรมเมอร์,ดีไซเนอร์
อาชีพ,ดารา,นางแบบ
อาชีพ,ชาวนา,ชาวประมง
อาชีพ,พ่อค้าแม่ค้า,พนักงานขาย
อาชีพ,นักข่าว,ผู้ประกาศข่าว
แอปและเทคโนโลยี,ไลน์,เฟซบุ๊ก
แอปและเทคโนโลยี,ติ๊กต็อก,ยูทูบ
แอปและเทคโนโลยี,อินสตาแกรม,ทวิตเตอร์
แอปและเทคโนโลยี,เน็ตฟลิกซ์,ดิสนีย์พลัส
แอปและเทคโนโลยี,แกร็บ,ไลน์แมน
แอปและเทคโนโลยี,ช้อปปี้,ลาซาด้า
แอปและเทคโนโลยี,ไอโฟน,ซัมซุง
แอปและเทคโนโลยี,โน้ตบุ๊ก,แท็บเล็ต
แอปและเทคโนโลยี,หูฟัง,ลำโพง
แอปและเทคโนโลยี,พาวเวอร์แบงก์,สายชาร์จ
แอปและเทคโนโลยี,ไวไฟ,บลูทูธ
แอปและเทคโนโลยี,เมาส์,คีย์บอร์ด
แอปและเทคโนโลยี,สปอติฟาย,แอปเปิลมิวสิก
แอปและเทคโนโลยี,ROV,ฟรีฟาย
แอปและเทคโนโลยี,มายคราฟต์,โรบล็อกซ์
แอปและเทคโนโลยี,เพลย์สเตชัน,นินเทนโด
แอปและเทคโนโลยี,อีโมจิ,สติกเกอร์
แอปและเทคโนโลยี,เซลฟี่,ไลฟ์สด
แอปและเทคโนโลยี,กูเกิล,แชตจีพีที
ของใช้,แปรงสีฟัน,หวี
ของใช้,สบู่,แชมพู
ของใช้,ร่ม,เสื้อกันฝน
ของใช้,หมอน,ตุ๊กตา
ของใช้,ผ้าห่ม,ผ้าเช็ดตัว
ของใช้,แว่นตา,คอนแทคเลนส์
ของใช้,นาฬิกา,สร้อยข้อมือ
ของใช้,กระเป๋าเป้,กระเป๋าเดินทาง
ของใช้,ปากกา,ดินสอ
ของใช้,ยางลบ,ลิควิดเปเปอร์
ของใช้,กรรไกร,คัตเตอร์
ของใช้,ตู้เย็น,ไมโครเวฟ
ของใช้,พัดลม,แอร์
ของใช้,ทีวี,โปรเจกเตอร์
ของใช้,ไดร์เป่าผม,เครื่องหนีบผม
ของใช้,ลิปสติก,ลิปบาล์ม
ของใช้,น้ำหอม,โรลออน
ของใช้,เทียน,ไฟฉาย
ของใช้,ช้อน,ส้อม
ของใช้,จาน,ชาม
ของใช้,โซฟา,เตียง
ของใช้,ประตู,หน้าต่าง
ของใช้,บันได,ลิฟต์
ของใช้,กุญแจ,รีโมต
ของใช้,นาฬิกาปลุก,นาฬิกาจับเวลา
ของใช้,เงินสด,บัตรเครดิต
ของใช้,หนังสือ,นิตยสาร
ของใช้,จดหมาย,อีเมล
เสื้อผ้า,ถุงเท้า,ถุงมือ
เสื้อผ้า,รองเท้าแตะ,รองเท้าผ้าใบ
เสื้อผ้า,หมวก,หมวกกันน็อก
เสื้อผ้า,เสื้อยืด,เสื้อเชิ้ต
เสื้อผ้า,กางเกงยีนส์,กางเกงขาสั้น
เสื้อผ้า,ชุดนักเรียน,ชุดพละ
เสื้อผ้า,กระโปรง,ชุดเดรส
เสื้อผ้า,ชุดว่ายน้ำ,ชุดนอน
เสื้อผ้า,เสื้อกันหนาว,เสื้อแจ็กเก็ต
เสื้อผ้า,เนกไท,หูกระต่าย
กีฬา,ฟุตบอล,ฟุตซอล
กีฬา,บาสเกตบอล,วอลเลย์บอล
กีฬา,แบดมินตัน,เทนนิส
กีฬา,ว่ายน้ำ,ดำน้ำ
กีฬา,มวยไทย,มวยสากล
กีฬา,โยคะ,พิลาทิส
กีฬา,ปั่นจักรยาน,วิ่งมาราธอน
กีฬา,หมากรุก,หมากฮอส
กีฬา,โบว์ลิ่ง,บิลเลียด
กีฬา,สเก็ตบอร์ด,โรลเลอร์เบลด
กีฬา,ปิงปอง,ตะกร้อ
กีฬา,เซิร์ฟ,พายเรือคายัก
ยานพาหนะ,รถไฟฟ้า,รถไฟใต้ดิน
ยานพาหนะ,รถเมล์,รถตู้
ยานพาหนะ,แท็กซี่,ตุ๊กตุ๊ก
ยานพาหนะ,มอเตอร์ไซค์,จักรยาน
ยานพาหนะ,เครื่องบิน,เฮลิคอปเตอร์
ยานพาหนะ,เรือ,เรือดำน้ำ
ยานพาหนะ,รถสปอร์ต,รถกระบะ
ยานพาหนะ,รถพยาบาล,รถดับเพลิง
ธรรมชาติ,ฝน,หิมะ
ธรรมชาติ,พระอาทิตย์,พระจันทร์
ธรรมชาติ,ดาว,ดาวตก
ธรรมชาติ,ฟ้าผ่า,ฟ้าร้อง
ธรรมชาติ,ทะเลทราย,ป่าดิบ
ธรรมชาติ,ภูเขาไฟ,แผ่นดินไหว
ธรรมชาติ,รุ้ง,เมฆ
ธรรมชาติ,ลม,พายุ
ธรรมชาติ,ดอกกุหลาบ,ดอกทานตะวัน
ธรรมชาติ,ต้นไม้,ต้นกระบองเพชร
เทศกาลและกิจกรรม,สงกรานต์,ลอยกระทง
เทศกาลและกิจกรรม,คริสต์มาส,ปีใหม่
เทศกาลและกิจกรรม,วันเกิด,วันวาเลนไทน์
เทศกาลและกิจกรรม,งานแต่ง,งานบวช
เทศกาลและกิจกรรม,ตรุษจีน,สารทจีน
เทศกาลและกิจกรรม,ฮาโลวีน,วันเด็ก
เทศกาลและกิจกรรม,เที่ยวทะเล,ไปแคมปิ้ง
เทศกาลและกิจกรรม,ดูหนัง,ดูซีรีส์
เทศกาลและกิจกรรม,นอนกลางวัน,นอนดึก
เทศกาลและกิจกรรม,สอบ,การบ้าน
เทศกาลและกิจกรรม,เงินเดือน,โบนัส
เทศกาลและกิจกรรม,ลดราคา,แจกฟรี
เทศกาลและกิจกรรม,ออกกำลังกาย,ลดน้ำหนัก
เทศกาลและกิจกรรม,ร้องเพลง,เต้น
บันเทิง,สไปเดอร์แมน,แบทแมน
บันเทิง,โดราเอมอน,ชินจัง
บันเทิง,มิกกี้เมาส์,โดนัลด์ดั๊ก
บันเทิง,ซูเปอร์แมน,ไอรอนแมน
บันเทิง,ปิกาจู,คิตตี้
บันเทิง,หนังผี,หนังตลก
บันเทิง,การ์ตูน,อนิเมะ
บันเทิง,ซีรีส์เกาหลี,ซีรีส์จีน
บันเทิง,เคป๊อป,ทีป๊อป
บันเทิง,ลูกทุ่ง,หมอลำ
บันเทิง,แฮร์รี่ พอตเตอร์,นาร์เนีย
บันเทิง,ซานต้า,นางฟ้า
บันเทิง,ผี,ซอมบี้
บันเทิง,นินจา,ซามูไร
บันเทิง,เจ้าหญิง,ราชินี
บันเทิง,โจรสลัด,คาวบอย
ความรู้สึก,ดีใจ,ตื่นเต้น
ความรู้สึก,โกรธ,หงุดหงิด
ความรู้สึก,เขิน,อาย
ความรู้สึก,ง่วง,เหนื่อย
ความรู้สึก,หิว,อยาก
